{
  "生成时间": "2026-04-05T16:18:22",
  "数据概况": {
    "样本行数": 35173,
    "字段数": 32,
    "用户数": 34491,
    "商品数": 6331,
    "正样本占比": 0.5710914622011202,
    "平均价格": 28.629693799220988,
    "平均购买频次": 1.047991357006795
  },
  "自动标注指标": {
    "最佳聚类数": 4.0,
    "自动标注准确率": 0.9983764351153891,
    "自动标注宏平均 F1": 0.9979091817101644
  },
  "传统算法名称": "协同过滤传统算法",
  "优化算法名称": "随机森林优化算法",
  "传统算法阈值策略": "按验证集目标准确率选取",
  "优化算法阈值策略": "按验证集目标F1值选取",
  "传统算法目标准确率": 0.7,
  "优化算法目标F1值": 0.85,
  "传统算法阈值": 0.9299999999999999,
  "优化算法阈值": 0.7949999999999999,
  "传统算法": {
    "准确率": 0.7026297085998578,
    "精确率": 0.9888324873096447,
    "召回率": 0.4848183175709308,
    "F1 值": 0.6506346025384102,
    "曲线下面积": 0.9567010187665613
  },
  "优化算法": {
    "准确率": 0.8487562189054726,
    "精确率": 0.9993238674780257,
    "召回率": 0.7356893977103036,
    "F1 值": 0.8474770642201834,
    "曲线下面积": 0.9907969655278459
  },
  "基线阈值": 0.9299999999999999,
  "优化阈值": 0.7949999999999999,
  "基线模型": {
    "准确率": 0.7026297085998578,
    "精确率": 0.9888324873096447,
    "召回率": 0.4848183175709308,
    "F1 值": 0.6506346025384102,
    "曲线下面积": 0.9567010187665613
  },
  "优化模型": {
    "准确率": 0.8487562189054726,
    "精确率": 0.9993238674780257,
    "召回率": 0.7356893977103036,
    "F1 值": 0.8474770642201834,
    "曲线下面积": 0.9907969655278459
  }
}